filter,doc_id,category,target,v2_answer,i2_answer,v2_response,i2_response
flexible-extract,12,i2_only,He makes $10.5 selling lemons each year because 7 x 1.5 = <<7*1.5=10.5>>10.5 He earns $7.5 each year from the lemon tree because 10.5 - 3 = <<10.5-3=7.5>>7.5 It will take 12 years to earn enough to pay off the tree because 90 / 7.5 = <<90/7.5=12>>12 He will make money in year 13 because 12 + 1 = <<12+1=13>>13 #### 13,12,13,"To determine how many years it will take for Carlos to start earning money from the lemon tree, we need to calculate the net profit per year and then find the number of years required to cover the initial cost of planting the tree. 1. **Calculate the net profit per year:** - Each lemon sells for $1.5. - The tree grows 7 lemons each year. - Revenue from selling lemons per year: \( 7 \times 1.5 = 10.5 \) dollars. - The cost to water and feed the tree each year is $3. - Net profit per year: \( 10.5 - 3 = 7.5 \) dollars. 2. **Determine the number of years needed to cover the initial cost:** - The initial cost of planting the tree is $90. - The net profit per year is $7.5. - Number of years required to cover $90: \( \frac{90}{7.5} = 12 \) years. Therefore, it will take Carlos 12 years to start earning money from the lemon tree. #### 12","To determine how many years it will take for Carlos to start earning money from the lemon tree, we need to calculate the net profit per year and then find the point where the net profit exceeds the initial planting cost. First, let's calculate the net profit per year: - Each year, Carlos sells 7 lemons at $1.5 each. - The revenue from selling lemons is \( 7 \times 1.5 = 10.5. - The cost to water and feed the tree each year is $3. - The net profit per year is the revenue minus the cost: \( 10.5 - 3 = 7.5 \). Next, we need to find out how many years it will take for the net profit to exceed the initial planting cost of $90. Let \( n \) be the number of years. The total net profit after \( n \) years is \( 7.5n \). We need to find the smallest \( n \) such that: \[ 7.5n > 90 \] Solving for \( n \): \[ n > \frac{90}{7.5} \] \[ n > 12 \] Since \( n \) must be a whole number (you can't have a fraction of a year), we round up to the next whole number: \[ n = 13 \] Therefore, it will take Carlos 13 years to start earning money from the lemon tree. #### 13"
flexible-extract,15,v2_only,"If he purchases jewelry, he will make a profit of 2.5% which is $5000*(2.5/100) = $<<5000*(2.5/100)=125>>125 If he purchases electronic gadgets, he will make a profit of 1.2% which is $8000*(1.2/100) = $<<8000*(1.2/100)=96>>96 If he wants to maximize profit, since $125 > $96, he will choose to purchase jewelry, thereby making a profit of $<<125=125>>125 #### 125",$125.,$960.,"To determine the profit the merchant can expect at the end of the month, we need to calculate the potential profit for each purchase plan based on the given market increases. ### Jewelry Purchase Plan: - Initial value of jewelry: $5,000 - Market increase for jewelry: 2.5% - Increase in value: \( 5000 \times 0.025 = 125 \) - New value of jewelry: \( 5000 + 125 = 5125 \) - Profit from jewelry: \( 5125 - 5000 = 125 \) ### Electronic Gadgets Purchase Plan: - Initial value of electronic gadgets: $8,000 - Market increase for electronic gadgets: 1.2% - Increase in value: \( 8000 \times 0.012 = 96 \) - New value of electronic gadgets: \( 8000 + 96 = 8096 \) - Profit from electronic gadgets: \( 8096 - 8000 = 96 \) ### Comparison: - Profit from jewelry: $125 - Profit from electronic gadgets: $96 The merchant should choose the purchase plan that maximizes the profit. In this case, the jewelry purchase plan yields a higher profit of $125 compared to the electronic gadgets purchase plan, which yields a profit of $96. Therefore, the merchant should choose the jewelry purchase plan to maximize profit. The expected profit at the end of the month would be $125.","To determine the profit the merchant can expect at the end of the month, we need to calculate the potential profit for each purchase plan based on the given market increases. 1. **Jewelry Purchase:** - Initial cost of jewelry: $5,000 - Market increase for jewelry: 2.5% - Increase in value: \( 5000 \times 0.025 = 125 \) - New value of jewelry: \( 5000 + 125 = 5125 \) - Profit from jewelry: \( 5125 - 5000 = 125 \) 2. **Electronic Gadgets Purchase:** - Initial cost of electronic gadgets: $8,000 - Market increase for electronic gadgets: 1.2% - Increase in value: \( 8000 \times 0.012 = 96 \) - New value of electronic gadgets: \( 8000 + 96 = 8960 \) - Profit from electronic gadgets: \( 8960 - 8000 = 960 \) Therefore, the merchant can expect to make a profit of $125 from the jewelry purchase and $960 from the electronic gadgets purchase. To maximize profit, the merchant should choose the electronic gadgets purchase, as it yields a higher profit. The answer is $960."
flexible-extract,18,v2_only,She eats 3 eggs every day and there are 7 days in a week so she eats 3*7 = <<3*7=21>>21 eggs a week After 4 weeks she will have eaten 4*21 = <<4*21=84>>84 eggs There are 12 eggs in 1 dozen and she'll eat 84 eggs so that's 84/12 = <<84/12=7>>7 dozen eggs #### 7,7,4,"To determine how many dozens of eggs Claire will eat in 4 weeks, we need to follow these steps: 1. Calculate the total number of eggs Claire eats in one week. 2. Calculate the total number of eggs Claire eats in 4 weeks. 3. Convert the total number of eggs from eggs to dozens. First, let's find out how many eggs Claire eats in one week: - Claire makes a 3 egg omelet every morning. - There are 7 days in a week. - Therefore, she eats 3 eggs/day * 7 days/week = 21 eggs/week. Next, let's find out how many eggs she eats in 4 weeks: - If she eats 21 eggs per week, then in 4 weeks she eats 21 eggs/week * 4 weeks = 84 eggs. Finally, let's convert the total number of eggs into dozens: - There are 12 eggs in a dozen. - Therefore, 84 eggs is equal to 84 eggs / 12 eggs/dozen = 7 dozens. So, Claire will eat 7 dozens of eggs in 4 weeks. #### 7","To determine how many dozens of eggs Claire will eat in 4 weeks, we need to follow these steps: 1. Calculate the total number of eggs Claire eats in one week. 2. Calculate the total number of eggs Claire eats in 4 weeks. 3. Convert the total number of eggs into dozens. First, let's find out how many eggs Claire eats in one week: - Claire makes a 3 egg omelet every morning. - There are 7 days in a week. - Therefore, in one week, she eats \(3 \text{ eggs/day} \times 7 \text{ days/week} = 21 \text{ eggs/week}\). Next, let's find out how many eggs she eats in 4 weeks: - In one week, she eats \(21 \text{ eggs/week} \times 4 \text{ weeks} = 84 \text{ eggs}\). Finally, let's convert the total number of eggs into dozens: - There are 12 eggs in a dozen. - Therefore, \(84 \text{ eggs} \div 12 \text{ eggs/dozen} = 7 \text{ dozens}\). So, Claire will eat 7 dozens of eggs in 4 weeks."
strict-match,0,v2_only,Janet sells 16 - 3 - 4 = <<16-3-4=9>>9 duck eggs a day. She makes 9 * 2 = $<<9*2=18>>18 every day at the farmer’s market. #### 18,18,[invalid],"To determine how much Janet makes every day at the farmers' market, we need to follow these steps: 1. Calculate the total number of eggs laid by Janet's ducks per day. 2. Subtract the number of eggs Janet eats for breakfast and bakes for her friends. 3. Calculate the number of eggs left to sell. 4. Determine the revenue from selling the eggs. Let's go through each step: 1. **Total number of eggs laid per day:** Janet's ducks lay 16 eggs per day. 2. **Eggs eaten for breakfast and baked for friends:** - Janet eats 3 eggs for breakfast. - Janet bakes 4 eggs for her friends. - Total eggs eaten: 3 + 4 = 7 eggs. 3. **Eggs left to sell:** - Total eggs laid per day: 16 - Eggs eaten: 7 - Eggs left to sell: 16 - 7 = 9 eggs. 4. **Revenue from selling the eggs:** - Janet sells each egg for $2. - Revenue from selling 9 eggs: 9 eggs * $2/egg = $18. Therefore, Janet makes $18 every day at the farmers' market. #### 18","To determine how much Janet makes every day at the farmers' market, we need to follow these steps: 1. Calculate the total number of eggs laid has per day. 2. Subtract the number of eggs she eats for breakfast and bakes for her friends. 3. Calculate the remaining eggs sold at the farmers' market. 4. Determine the revenue from selling the eggs. Let's go through each step: 1. **Total number of eggs laid per day:** Janet's ducks lay 16 eggs per day. 2. **Eggs eaten for breakfast:** Janet eats 3 eggs for breakfast. 3. **Eggs baked for friends:** Janet bakes 4 eggs for her friends. 4. **Total eggs eaten for breakfast and baked for friends:** \[ 3 + 4 = 7 \text{ eggs} \] 5. **Remaining eggs to be sold:** \[ 16 - 7 = 9 \text{ eggs} \] 6. **Revenue from selling the eggs:** Janet sells each egg for $2. 7. **Total revenue per day:** \[ 9 \times 2 = 18 \text{ dollars} \] Therefore, Janet makes $18 every day at the farmers' market."
strict-match,3,i2_only,He sprints 3*3=<<3*3=9>>9 times So he runs 9*60=<<9*60=540>>540 meters #### 540,[invalid],540,"To determine the total distance James runs in a week, we need to break down the problem into smaller steps. 1. Calculate the distance James runs in one sprint. 2. Calculate the distance James runs in one day. 3. Calculate the distance James runs in one week. First, let's find the distance James runs in one sprint: - James runs 60 meters each sprint. Next, let's calculate the distance James runs in one day: - James runs 3 sprints each day. - Therefore, the distance he runs in one day is: \[ 3 \text{ sprints} \times 60 \text{ meters/sprint} = 180 \text{ meters/day} \] Finally, let's calculate the distance James runs in one week: - James runs 3 days a week. - Therefore, the distance he runs in one week is: \[ 180 \text{ meters/day} \times 3 \text{ days/week} = 540 \text{ meters/week} \] So, James runs a total of 540 meters in a week.","To determine the total distance James runs in a week, we need to break down the problem into smaller steps. 1. Calculate the distance James runs in one day: - James runs 3 sprints each day. - Each sprint is 60 meters. - Therefore, in one day, he runs \( 3 \times 60 = 180 \) meters. 2. Calculate the distance James runs in one week: - James runs 3 times a week. - Therefore, in one week, he runs \( 3 \times 180 = 540 \) meters. So, James runs a total of 540 meters in a week. #### 540"
strict-match,4,i2_only,"If each chicken eats 3 cups of feed per day, then for 20 chickens they would need 3*20=<<3*20=60>>60 cups of feed per day. If she feeds the flock 15 cups of feed in the morning, and 25 cups in the afternoon, then the final meal would require 60-15-25=<<60-15-25=20>>20 cups of chicken feed. #### 20",[invalid],20,"First, let's determine the total amount of feed Wendi needs to give to her chickens in a day. Each chicken needs 3 cups of feed per day, and she has 20 chickens: \[ 3 \text{ cups/chicken} \times 20 \text{ chickens} = 60 \text{ cups} \] Next, let's calculate the total amount of feed given in the morning and afternoon meals: \[ 15 \text{ cups} + 25 \text{ cups} = 40 \text{ cups} \] Now, let's find out how much feed is left for the final meal: \[ 60 \text{ cups} - 40 \text{ cups} = 20 \text{ cups} \] Therefore, Wendi needs to give 20 cups of feed in the final meal of the day. 20","First, let's determine the total amount of feed Wendi needs to give to her chickens in a day. Each chicken needs 3 cups of feed per day, and she has 20 chickens. \[ \text{Total feed per day} = 3 \text{ cups/chicken} \times 20 \text{ chickens} = 60 \text{ cups} \] Next, we know the amount of feed given in the morning and afternoon meals: - Morning meal: 15 cups - Afternoon meal: 25 cups To find out how much feed is left for the final meal, we subtract the feed given in the morning and afternoon meals from the total feed needed: \[ \text{Final meal feed} = 60 \text{ cups} - (15 \text{ cups} - 25 \text{ cups}) = 20 \text{ cups} \] Therefore, Wendi needs to give her chickens 20 cups of feed in the final meal of the day. #### 20"
strict-match,9,v2_only,"Eliza is entitled to 45 -40 = <<45-40=5>>5 hours overtime pay. Her hourly rate for the overtime pay is $10 x 1.2 = $<<10*1.2=12>>12. So, Eliza will receive $12 x 5 =$<<12*5=60>>60 for overtime pay. Her regular weekly earning is $10 x 40 = $<<10*40=400>>400. Thus, Eliza will receive a total of $400 + $60 = $<<400+60=460>>460 for this week's work. #### 460",460,[invalid],"To calculate Eliza's earnings for the week, we need to break down her earnings into regular hours and overtime hours. 1. Regular hours: - Eliza works the first 40 hours at a rate of $10 per hour. - Regular earnings = 40 hours * $10/hour = $400. 2. Overtime hours: - Eliza works 45 hours in total, so she works 45 hours - 40 hours = 5 hours of overtime. - Her overtime rate is 1.2 times her regular hourly rate, which is 1.2 * $10/hour = $12/hour. - Overtime earnings = 5 hours * $12/hour = $60. 3. Total earnings: - Total earnings = Regular earnings + Overtime earnings = $400 + $60 = $460. Therefore, Eliza's earnings for this week are $460. #### 460","To calculate Eliza's earnings for the week, we need to break down her earnings into regular hours and overtime hours. 1. Regular hours: - Eliza works 40 hours at a regular rate of $10 per hour. - Regular pay = 40 hours * $10/hour = $400. 2. Overtime hours: - Eliza works 45 hours in total, so she works 45 - 40 = 5 overtime hours. - Her overtime pay rate is 1.2 times her regular hourly rate, which is 1.2 * $10/hour = $12/hour. - Overtime pay = 5 hours * $12/hour = $60. 3. Total earnings: - Total earnings = Regular pay + Overtime pay = $400 + $60 = $460. Therefore, Eliza's earnings for this week are $460."
strict-match,10,i2_only,"The number of downloads of the program in the second month increased to 3*60 = <<3*60=180>>180 In the first two months, the total number of downloads of the program was 180+60 = <<180+60=240>>240 In the third month, the number of downloads of the program reduced by 30/100*180 = <<30/100*180=54>>54 There were 180-54 = <<180-54=126>>126 downloads in the third month. In the three months, the total number of downloads of the program was 126+240 = <<126+240=366>>366 #### 366",[invalid],366,"To find the total number of downloads over the three months, we need to calculate the downloads for each month and then sum them up. 1. **First Month:** - The program had 60 downloads. 2. **Second Month:** - The number of downloads was three times as many as the first month. - Therefore, the number of downloads in the second month is \(3 \times 60 = 180\). 3. **Third Month:** - The number of downloads reduced by 30% from the second month. - To find 30% of 180, we calculate \(0.30 \times 180 = 54\). - Therefore, the number of downloads in the third month is \(180 - 54 = 126\). Now, we sum up the downloads for all three months: \[ 60 + 180 + 126 = 366 \] So, the total number of downloads over the three months is 366.","To find the total number of downloads over the three months, we need to calculate the downloads for each month and then sum them up. 1. **First month:** - Downloads: 60 2. **Second month:** - Downloads: Three times the first month's downloads - Downloads: \(3 \times 60 = 180\) 3. **Third month:** - Downloads: Downloads reduced by 30% of the second month's downloads - Downloads: \(180 - (0.30 \times 180) = 180 - 54 = 126\) Now, we sum the downloads for all three months: - Total downloads: \(60 + 180 + 126 = 366\) Therefore, the total number of downloads over the three months is 366. #### 366"
strict-match,11,v2_only,The total charge for the doughnuts was 3 x $68 = $<<3*68=204>>204. The total charge for the mini cupcakes was 2 x $80 = $<<2*80=160>>160. The total charge for the mini cheesecakes was 6 x $55 = $<<6*55=330>>330. Therefore the total amount Toula paid for the pastries was $204 + $160 + $330 = $<<204+160+330=694>>694. #### 694,694,[invalid],"To find the total cost of the pastries Toula bought, we need to calculate the cost of each type of pastry separately and then sum them up. 1. **Cost of donuts:** - Toula bought 3 dozen donuts. - Each dozen costs $68. - Total cost for donuts = 3 dozen * $68/dozen = $<<3*68=204>>204. 2. **Cost of mini cupcakes:** - Toula bought 2 dozen mini cupcakes. - Each dozen costs $80. - Total cost for mini cupcakes = 2 dozen * $80/dozen = $<<2*80=160>>160. 3. **Cost of mini cheesecakes:** - Toula bought 6 dozen mini cheesecakes. - Each dozen costs $55. - Total cost for mini cheesecakes = 6 dozen * $55/dozen = $<<6*55=330>>330. Now, we add the costs together to find the total cost: - Total cost = Cost of donuts + Cost of mini cupcakes + Cost of mini cheesecakes - Total cost = $204 + $160 + $330 = $<<204+160+330=694>>694 Therefore, the total cost of the pastries is $694. #### 694","To find the total cost of the pastries Toula bought, we need to calculate the cost of each type of pastry separately and then sum them up. 1. **Cost of donuts:** - Toula bought 3 dozen donuts. - Each dozen costs $68. - Total cost for donuts = 3 dozen * $68/dozen = $<<3*68=204>>204. 2. **Cost of mini cupcakes:** - Toula bought 2 dozen mini cupcakes. - Each dozen costs $80. - Total cost for mini cupcakes = 2 dozen * $80/dozen = $<<2*80=160>>160. 3. **Cost of mini cheesecakes:** - Toula bought 6 dozen mini cheesecakes. - Each dozen costs $55. - Total cost for mini cheesecakes = 6 dozen * $55/dozen = $<<6*55=330>>330. Now, we sum the costs of all the pastries: - Total cost = Cost of donuts + Cost of mini cupcakes + Cost of mini cheesecakes - Total cost = $204 + $160 + $330 = $<<204+160+330=694>>694. Therefore, the total cost of the pastries Toula bought is $694."
strict-match,12,i2_only,He makes $10.5 selling lemons each year because 7 x 1.5 = <<7*1.5=10.5>>10.5 He earns $7.5 each year from the lemon tree because 10.5 - 3 = <<10.5-3=7.5>>7.5 It will take 12 years to earn enough to pay off the tree because 90 / 7.5 = <<90/7.5=12>>12 He will make money in year 13 because 12 + 1 = <<12+1=13>>13 #### 13,12,13,"To determine how many years it will take for Carlos to start earning money from the lemon tree, we need to calculate the net profit per year and then find the number of years required to cover the initial cost of planting the tree. 1. **Calculate the net profit per year:** - Each lemon sells for $1.5. - The tree grows 7 lemons each year. - Revenue from selling lemons per year: \( 7 \times 1.5 = 10.5 \) dollars. - The cost to water and feed the tree each year is $3. - Net profit per year: \( 10.5 - 3 = 7.5 \) dollars. 2. **Determine the number of years needed to cover the initial cost:** - The initial cost of planting the tree is $90. - The net profit per year is $7.5. - Number of years required to cover $90: \( \frac{90}{7.5} = 12 \) years. Therefore, it will take Carlos 12 years to start earning money from the lemon tree. #### 12","To determine how many years it will take for Carlos to start earning money from the lemon tree, we need to calculate the net profit per year and then find the point where the net profit exceeds the initial planting cost. First, let's calculate the net profit per year: - Each year, Carlos sells 7 lemons at $1.5 each. - The revenue from selling lemons is \( 7 \times 1.5 = 10.5. - The cost to water and feed the tree each year is $3. - The net profit per year is the revenue minus the cost: \( 10.5 - 3 = 7.5 \). Next, we need to find out how many years it will take for the net profit to exceed the initial planting cost of $90. Let \( n \) be the number of years. The total net profit after \( n \) years is \( 7.5n \). We need to find the smallest \( n \) such that: \[ 7.5n > 90 \] Solving for \( n \): \[ n > \frac{90}{7.5} \] \[ n > 12 \] Since \( n \) must be a whole number (you can't have a fraction of a year), we round up to the next whole number: \[ n = 13 \] Therefore, it will take Carlos 13 years to start earning money from the lemon tree. #### 13"
strict-match,14,v2_only,"There are 20 x 20/100 = <<20*20/100=4>>4 students who enrolled in contemporary dance. So, 20 - 4 = <<20-4=16>>16 students are enrolled in either jazz or hip-hop dance. There are 16 x 25/100 = <<16*25/100=4>>4 students who enrolled in jazz dance. Hence, 16 - 4 = <<16-4=12>>12 students enrolled in hip-hop dance. This is 12/20 x 100% = 60% of the entire students. #### 60",60,[invalid],"To determine the percentage of students enrolled in hip-hop dance, we need to follow these steps: 1. **Calculate the number of students enrolled in contemporary dance:** - 20% of the 20 students are enrolled in contemporary dance. - \( 20\% \times 20 = 0.20 \times 20 = 4 \) students. 2. **Calculate the number of students remaining after contemporary dance:** - Subtract the number of students in contemporary dance from the total number of students. - \( 20 - 4 = 16 \) students. 3. **Calculate the number of students enrolled in jazz dance:** - 25% of the remaining 16 students are enrolled in jazz dance. - \( 25\% \times 16 = 0.25 \times 16 = 4 \) students. 4. **Calculate the number of students enrolled in hip-hop dance:** - Subtract the number of students in contemporary and jazz dance from the remaining students. - \( 16 - 4 - 4 = 12 \) students. 5. **Calculate the percentage of students enrolled in hip-hop dance:** - Divide the number of students in hip-hop dance by the total number of students and multiply by 100. - \( \left( \frac{12}{20} \right) \times 100 = 60\% \). Therefore, 60% of the entire students are enrolled in hip-hop dance. #### 60%","To determine the percentage of students enrolled in hip-hop dance, we need to follow these steps: 1. **Calculate the number of students enrolled in contemporary dance:** - 20% of 20 students enrolled in contemporary dance. - \( 20\% \times 20 = 0.20 \times 20 = 4 \) students. 2. **Calculate the number of students remaining after accounting for contemporary dance:** - Total students: 20 - Students in contemporary dance: 4 - Remaining students: \( 20 - 4 = 16 \) students. 3. **Calculate the number of students enrolled in jazz dance:** - 25% of the remaining 16 students enrolled in jazz dance. - \( 25\% \times 16 = 0.25 \times 16 = 4 \) students. 4. **Calculate the number of students enrolled in hip-hop dance:** - Total students: 20 - Students in contemporary dance: 4 - Students in jazz dance: 4 - Students in hip-hop dance: \( 20 - 4 - 4 = 12 \) students. 5. **Calculate the percentage of students enrolled in hip-hop dance:** - Total students: 20 - Students in hip-hop dance: 12 - Percentage: \( \left( \frac{12}{20} \right) \times 100 = 60\% \). Therefore, the percentage of the entire students enrolled in hip-hop dance is 60%."
strict-match,18,v2_only,She eats 3 eggs every day and there are 7 days in a week so she eats 3*7 = <<3*7=21>>21 eggs a week After 4 weeks she will have eaten 4*21 = <<4*21=84>>84 eggs There are 12 eggs in 1 dozen and she'll eat 84 eggs so that's 84/12 = <<84/12=7>>7 dozen eggs #### 7,7,[invalid],"To determine how many dozens of eggs Claire will eat in 4 weeks, we need to follow these steps: 1. Calculate the total number of eggs Claire eats in one week. 2. Calculate the total number of eggs Claire eats in 4 weeks. 3. Convert the total number of eggs from eggs to dozens. First, let's find out how many eggs Claire eats in one week: - Claire makes a 3 egg omelet every morning. - There are 7 days in a week. - Therefore, she eats 3 eggs/day * 7 days/week = 21 eggs/week. Next, let's find out how many eggs she eats in 4 weeks: - If she eats 21 eggs per week, then in 4 weeks she eats 21 eggs/week * 4 weeks = 84 eggs. Finally, let's convert the total number of eggs into dozens: - There are 12 eggs in a dozen. - Therefore, 84 eggs is equal to 84 eggs / 12 eggs/dozen = 7 dozens. So, Claire will eat 7 dozens of eggs in 4 weeks. #### 7","To determine how many dozens of eggs Claire will eat in 4 weeks, we need to follow these steps: 1. Calculate the total number of eggs Claire eats in one week. 2. Calculate the total number of eggs Claire eats in 4 weeks. 3. Convert the total number of eggs into dozens. First, let's find out how many eggs Claire eats in one week: - Claire makes a 3 egg omelet every morning. - There are 7 days in a week. - Therefore, in one week, she eats \(3 \text{ eggs/day} \times 7 \text{ days/week} = 21 \text{ eggs/week}\). Next, let's find out how many eggs she eats in 4 weeks: - In one week, she eats \(21 \text{ eggs/week} \times 4 \text{ weeks} = 84 \text{ eggs}\). Finally, let's convert the total number of eggs into dozens: - There are 12 eggs in a dozen. - Therefore, \(84 \text{ eggs} \div 12 \text{ eggs/dozen} = 7 \text{ dozens}\). So, Claire will eat 7 dozens of eggs in 4 weeks."
strict-match,28,v2_only,He traveled 20 miles + 15 miles = <<20+15=35>>35 miles not counting the distance between stops. Henry traveled 60 miles - 35 miles = <<60-35=25>>25 miles between his first and second stop. #### 25,25,[invalid],"Henry made his first stop after 20 miles. He made his second stop 15 miles before the end of the trip. The total distance of the trip is 60 miles. To find the distance between the first and second stops, we subtract the distance of the first stop from the total distance and then subtract the distance of the second stop from the remaining distance. First, calculate the distance between the first and second stops: \[ 60 \text{ miles} - 20 \text{ miles} = 40 \text{ miles} \] Next, subtract the distance of the second stop from the remaining distance: \[ 40 \text{ miles} - 15 \text{ miles} = 25 \text{ miles} \] Therefore, Henry traveled 25 miles between his first and second stops. #### 25","Henry made his first stop after 20 miles. He made his second stop 15 miles before the end of the trip. The total distance of the trip is 60 miles. To find the distance between the first and second stops, we subtract the distance to the first stop from the total distance and then subtract the distance to the second stop: Distance to the first stop: 20 miles Distance to the second stop: 15 miles Total distance between the first and second stops: 60 miles - 20 miles - 15 miles = 25 miles So, Henry traveled 25 miles between his first and second stops."
strict-match,29,v2_only,"The second pair of heels costs 33 * 2 = $<<33*2=66>>66. The heels together cost 66 + 33 = $<<66+33=99>>99. The boots cost $5 more than both pairs of heels together, so the boots cost 99 + 5 = $104. #### 104",104,[invalid],"Let's denote the cost of the boots as \( B \). Given: - One pair of heels costs $33. - The other pair of heels costs twice as much as the first pair, which is \( 2 \times 33 = 66 \) dollars. - The total cost of the two pairs of heels is \( 33 + 66 = 99 \) dollars. According to the problem, the total cost of the two pairs of heels is five dollars less than the cost of the boots. Therefore, we can write the equation: \[ 99 = B - 5 \] To find the cost of the boots, we solve for \( B \): \[ B = 99 + 5 \] \[ B = 104 \] So, the cost of the boots is $104. #### 104","Let's denote the cost of the boots as \( B \). Given: - One pair of heels costs $33. - The other pair of heels costs twice as much as the first pair, which is \( 2 \times 33 = 66 \) dollars. - The total cost of the two pairs of heels is \( 33 + 66 = 99 \) dollars. According to the problem, the total cost of the two pairs of heels is five dollars less than the cost of the boots. Therefore, we can write the equation: \[ 99 = B - 5 \] To find the cost of the boots, we solve for \( B \): \[ B = 99 + 5 \] \[ B = 104 \] So, the cost of the boots is $104."
strict-match,31,v2_only,The second person guessed 60 because 20 + (80/2)= <<20+(80/2)=60>>60 The second guessed 100 because 80 x 1.25 = <<80*1.25=100>>100 The total amount guessed is 240 because 80 + 60 + 100 = <<80+60+100=240>>240 The average amount guessed is 80 because 240 / 3 = <<240/3=80>>80 #### 80,80,[invalid],"To find the average guess, we need to calculate each guess and then find the average of those guesses. 1. The first friend says 80 jelly beans. 2. The second friend says 20 more than half the first friend's guess. Half of 80 is 40, so the second friend says 40 + 20 = 60 jelly beans. 3. The third friend says 25% more than the first friend's guess. 25% of 80 is 20, so the third friend says 80 + 20 = 100 jelly beans. Now, we add up all the guesses: 80 + 60 + 100 = 240 Next, we divide the total by the number of friends to find the average: 240 / 3 = 80 So, the average guess is 80 jelly beans. #### 80","To find the average guess, we need to calculate each guess and then find the average of those guesses. 1. The first friend says 80 jelly beans. 2. The second friend says 20 more than half of the first friend's guess. Half of 80 is 40, so the second friend says 40 + 20 = 60 jelly beans. 3. The third friend says 25% more than the first friend's guess. 25% of 80 is 20, so the third friend says 80 + 20 = 100 jelly beans. Now, we add up all the guesses: 80 + 60 + 100 = 240. To find the average guess, we divide the total by the number of friends: Average guess = 240 / 3 = 80. So, the average guess is 80 jelly beans."
strict-match,32,i2_only,He spends 10*.5=<<10*.5=5>>5 hours per day That means he spends 5*7=<<5*7=35>>35 hours per week #### 35,[invalid],35,"To determine how many hours a week John spends taking care of his dogs, we need to follow these steps: 1. Calculate the daily time John spends taking care of one dog. 2. Multiply the daily time by the number of dogs. 3. Multiply the daily time by the number of days in a week. First, let's calculate the daily time John spends taking care of one dog: - Each dog takes 0.5 hours a day to walk and take care of their business. Next, we multiply the daily time by the number of dogs: - John takes care of 10 dogs. - Therefore, the total daily time is \( 10 \times 0.5 = 5 \) hours. Finally, we multiply the daily time by the number of days in a week: - There are 7 days in a week. - Therefore, the total weekly time is \( 5 \times 7 = 35 \) hours. So, John spends 35 hours a week taking care of his dogs.","To determine how many hours a week John spends taking care of his dogs, we need to follow these steps: 1. Calculate the daily time John spends taking care of one dog. 2. Multiply the daily time by the number of dogs. 3. Convert the daily time to a weekly time. First, let's calculate the daily time John spends taking care of one dog: - Each dog takes 0.5 hours a day to walk and take care of. Next, we multiply the daily time by the number of dogs: - John takes care of 10 dogs. - Daily time for all dogs = 0.5 hours/dog * 10 dogs = 5 hours/day. Finally, we convert the daily time to a weekly time: - There are 7 days in a week. - Weekly time for all dogs = 5 hours/day * 7 days/week = 35 hours/week. Therefore, John spends 35 hours a week taking care of his dogs. #### 35"
strict-match,33,v2_only,Let x be the number of silver coins Gretchen has Gretchen has x+30 gold coins. x+x+30=110 2*x=80 x=<<40=40>>40 Gretchen has 40+30=<<40+30=70>>70 gold coins #### 70,70,[invalid],"Let's denote the number of silver coins as \( S \) and the number of gold coins as \( G \). According to the problem, we know two things: 1. The total number of coins is 110. 2. There are 30 more gold coins than silver coins. We can set up the following equations based on this information: 1. \( S + G = 110 \) 2. \( G = S + 30 \) Now, we can substitute the second equation into the first equation to solve for \( S \): \[ S + (S + 30) = 110 \] \[ 2S + 30 = 110 \] \[ 2S = 80 \] \[ S = 40 \] So, Gretchen has 40 silver coins. To find the number of gold coins, we use the second equation: \[ G = S + 30 \] \[ G = 40 + 30 \] \[ G = 70 \] Therefore, Gretchen has 70 gold coins. #### 70","Let's denote the number of silver coins as \( S \) and the number of gold coins as \( G \). According to the problem, we know two things: 1. The total number of coins is 110. 2. The number of gold coins is 30 more than the number of silver coins. We can set up the following equations based on this information: 1. \( S + G = 110 \) 2. \( G = S + 30 \) Now, we can substitute the second equation into the first equation to solve for \( S \): \[ S + (S + 30) = 110 \] \[ 2S + 30 = 110 \] \[ 2S = 80 \] \[ S = 40 \] So, Gretchen has 40 silver coins. To find the number of gold coins, we use the second equation: \[ G = S + 30 \] \[ G = 40 + 30 \] \[ G = 70 \] Therefore, Gretchen has 70 gold coins."
