kind,batch_size,query_len,layers,past_len,median_ms,min_ms,max_ms,mean_ms,stdev_ms,tokens_per_second,parameter_gib,effective_weight_gbps,theoretical_bandwidth_pct,mps_allocated_gib,raw_ms,error
block_stack,1,32,8,1331,18.988875031936914,18.895083980169147,19.10329202655703,18.987024153050566,0.06958634855307903,1685.1972508208096,3.2501220703125,183.78087138551422,33.65950025375719,15.096809387207031,"[19.035834004171193, 18.895083980169147, 19.10329202655703, 18.99333402980119, 18.972374964505434, 18.988875031936914, 18.920375034213066]",
block_stack,1,32,16,1331,37.738375016488135,37.599833973217756,37.89816697826609,37.753934564534575,0.09526562856891317,847.9432404288473,6.500244140625,184.94659605641672,33.87300294073567,15.259284973144531,"[37.599833973217756, 37.73641597945243, 37.69804100738838, 37.738375016488135, 37.89816697826609, 37.77741699013859, 37.82929200679064]",
block_stack,1,32,32,1331,75.74125000974163,75.24583296617493,75.83545800298452,75.68008342890867,0.20132032539269748,422.4910467662502,13.00048828125,184.3007343845607,33.75471325724555,15.584236145019531,"[75.74125000974163, 75.24583296617493, 75.83545800298452, 75.78766701044515, 75.73454204248264, 75.78083401313052, 75.6349999574013]",
block_stack,2,32,32,1331,108.98625000845641,107.64962498797104,110.00074999174103,109.06366085899728,0.8396237422935289,587.2300404411945,13.00048828125,128.08191858070984,23.458226846283853,16.23438262939453,"[108.98625000845641, 109.52762502711266, 108.46954199951142, 109.9272919818759, 108.88454201631248, 107.64962498797104, 110.00074999174103]",
block_stack,4,32,32,1331,193.64079099614173,191.15166697883978,193.93941696034744,193.33373799288114,0.9700435618794484,661.0177501420678,13.00048828125,72.08795175949335,13.202921567672773,17.53467559814453,"[191.15166697883978, 193.93941696034744, 193.64079099614173, 193.5686669894494, 193.72466602362692, 193.59108299249783, 193.7198750092648]",
block_stack,8,32,32,1331,351.9764579832554,349.65370799181983,352.6880409917794,351.25386885400593,1.245517141887291,727.321371056523,13.00048828125,39.659379720970094,7.263622659518331,20.13526153564453,"[351.9764579832554, 352.2359160124324, 352.6880409917794, 350.28558399062604, 349.65370799181983, 349.94308301247656, 351.994291995652]",
block_stack,1,64,32,1331,106.92412499338388,105.67454196279868,107.34541603596881,106.79376186037969,0.5213554650855257,598.5552839825448,13.00048828125,130.5520901000008,23.91063921245436,15.584480285644531,"[106.9615000160411, 106.92925000330433, 106.88749997643754, 106.83400003472343, 107.34541603596881, 105.67454196279868, 106.92412499338388]",
block_stack,1,128,32,1331,187.02745903283358,186.37750000925735,187.7891250187531,187.0115358615294,0.575274160890227,684.3914827369225,13.00048828125,74.63699754135781,13.669779769479455,15.584968566894531,"[187.02745903283358, 187.7891250187531, 186.42024998553097, 186.37750000925735, 186.60837499191985, 187.6719169667922, 187.18612502561882]",
full_cached_model,1,32,32,1331,86.3544589956291,85.9796250006184,86.96500002406538,86.41427371185273,0.33959667705272434,370.5656936791151,,,,15.59091305732727,"[86.22616599313915, 86.2256659893319, 86.3544589956291, 85.9796250006184, 86.76666702376679, 86.96500002406538, 86.3823329564184]",
