length,prompt_id,repeat,task,raw_exact_match,normalized_exact_match,final_signature_match,text_similarity,nocache_final_signature,prefix_final_signature,nocache_answer,prefix_answer
64,0,0,gsm8k_style,0,0,0,0.6332288401253918,number:100,boxed:100,"On Tuesday, it sold 27 x 2 = 54 books.\nOn Wednesday, it sold 19 books.\nSo, in total, it sold 27 + 54 + 19 = 100 books.\nConclusively: 100","On Tuesday, the bookstore sold $2 \times 27 = 54$ books. On Wednesday, it sold 19 books. Therefore, the total number of books sold over the three days is $27 + 54 + 19 = \boxed{100}$."
64,0,1,gsm8k_style,0,0,0,0.6332288401253918,number:100,boxed:100,"On Tuesday, it sold 27 x 2 = 54 books.\nOn Wednesday, it sold 19 books.\nSo, in total, it sold 27 + 54 + 19 = 100 books.\nConclusively: 100","On Tuesday, the bookstore sold $2 \times 27 = 54$ books. On Wednesday, it sold 19 books. Therefore, the total number of books sold over the three days is $27 + 54 + 19 = \boxed{100}$."
64,0,2,gsm8k_style,0,0,0,0.6332288401253918,number:100,boxed:100,"On Tuesday, it sold 27 x 2 = 54 books.\nOn Wednesday, it sold 19 books.\nSo, in total, it sold 27 + 54 + 19 = 100 books.\nConclusively: 100","On Tuesday, the bookstore sold $2 \times 27 = 54$ books. On Wednesday, it sold 19 books. Therefore, the total number of books sold over the three days is $27 + 54 + 19 = \boxed{100}$."
64,1,0,gsm8k_style,0,0,1,0.9595375722543352,boxed:360,boxed:360,"The train travels $80 \cdot 3 = 240$ kilometers in the first part and $60 \cdot 2 = 120$ kilometers in the second part, for altogether $240 + 120 = \boxed{360}$ kilometers.","The train travels $80 \times 3 = 240$ kilometers in the first part and $60 \times 2 = 120$ kilometers in the second part, for altogether $240 + 120 = \boxed{360}$ kilometers."
64,1,1,gsm8k_style,0,0,1,0.9595375722543352,boxed:360,boxed:360,"The train travels $80 \cdot 3 = 240$ kilometers in the first part and $60 \cdot 2 = 120$ kilometers in the second part, for altogether $240 + 120 = \boxed{360}$ kilometers.","The train travels $80 \times 3 = 240$ kilometers in the first part and $60 \times 2 = 120$ kilometers in the second part, for altogether $240 + 120 = \boxed{360}$ kilometers."
64,1,2,gsm8k_style,0,0,1,0.9595375722543352,boxed:360,boxed:360,"The train travels $80 \cdot 3 = 240$ kilometers in the first part and $60 \cdot 2 = 120$ kilometers in the second part, for altogether $240 + 120 = \boxed{360}$ kilometers.","The train travels $80 \times 3 = 240$ kilometers in the first part and $60 \times 2 = 120$ kilometers in the second part, for altogether $240 + 120 = \boxed{360}$ kilometers."
64,2,0,gsm8k_style,0,0,1,0.9532710280373832,boxed:90,boxed:90,"One quarter of 144 is 36, so Mia has 144 - 36 = 108 stickers left. After giving 18 more stickers to her friend, Mia has 108 - 18 = \boxed{90} stickers remaining.","One quarter of 144 is 36, so Mia has $144 - 36 = 108$ stickers left. After giving 18 stickers to her friend, she has $108 - 18 = \boxed{90}$ stickers remaining."
64,2,1,gsm8k_style,0,0,1,0.9532710280373832,boxed:90,boxed:90,"One quarter of 144 is 36, so Mia has 144 - 36 = 108 stickers left. After giving 18 more stickers to her friend, Mia has 108 - 18 = \boxed{90} stickers remaining.","One quarter of 144 is 36, so Mia has $144 - 36 = 108$ stickers left. After giving 18 stickers to her friend, she has $108 - 18 = \boxed{90}$ stickers remaining."
64,2,2,gsm8k_style,0,0,1,0.9532710280373832,boxed:90,boxed:90,"One quarter of 144 is 36, so Mia has 144 - 36 = 108 stickers left. After giving 18 more stickers to her friend, Mia has 108 - 18 = \boxed{90} stickers remaining.","One quarter of 144 is 36, so Mia has $144 - 36 = 108$ stickers left. After giving 18 stickers to her friend, she has $108 - 18 = \boxed{90}$ stickers remaining."
64,3,0,boolq_style,0,0,1,0.32558139534883723,yesno:yes,yesno:yes,"Yes, water can remain liquid below 0 degrees Celsius under some physical conditions. This is known as supercooling. Supercooling occurs when a substance remains in a liquid state below its normal freezing point, often due to the presence of impurities or other factors that prevent the formation of a solid crystal structure.","Yes, water can remain liquid below 0 degrees Celsius under certain physical conditions. This phenomenon is known as supercooling. Supercooled water is a liquid that is below its normal freezing point but has not yet solidified. This can occur under specific conditions such as low pressure or the presence of impurities."
64,3,1,boolq_style,0,0,1,0.32558139534883723,yesno:yes,yesno:yes,"Yes, water can remain liquid below 0 degrees Celsius under some physical conditions. This is known as supercooling. Supercooling occurs when a substance remains in a liquid state below its normal freezing point, often due to the presence of impurities or other factors that prevent the formation of a solid crystal structure.","Yes, water can remain liquid below 0 degrees Celsius under certain physical conditions. This phenomenon is known as supercooling. Supercooled water is a liquid that is below its normal freezing point but has not yet solidified. This can occur under specific conditions such as low pressure or the presence of impurities."
64,3,2,boolq_style,0,0,1,0.32558139534883723,yesno:yes,yesno:yes,"Yes, water can remain liquid below 0 degrees Celsius under some physical conditions. This is known as supercooling. Supercooling occurs when a substance remains in a liquid state below its normal freezing point, often due to the presence of impurities or other factors that prevent the formation of a solid crystal structure.","Yes, water can remain liquid below 0 degrees Celsius under certain physical conditions. This phenomenon is known as supercooling. Supercooled water is a liquid that is below its normal freezing point but has not yet solidified. This can occur under specific conditions such as low pressure or the presence of impurities."
64,4,0,boolq_style,0,0,1,0.9548387096774194,yesno:yes,yesno:yes,"Yes, every square is also a rectangle. A square is a special type of rectangle where all four sides are of equal length and all four angles are right angles. This satisfies the definition of a rectangle, which has two pairs of equal sides and four right angles. Therefore, every square is indeed a rectangle.","Yes, every square is also a rectangle. A square is a special type of rectangle where all four sides are of equal length, and all four angles are right angles. This satisfies the definition of a rectangle, which requires having two equal sides and four right angles. Therefore, every square is indeed a rectangle."
64,4,1,boolq_style,0,0,1,0.9548387096774194,yesno:yes,yesno:yes,"Yes, every square is also a rectangle. A square is a special type of rectangle where all four sides are of equal length and all four angles are right angles. This satisfies the definition of a rectangle, which has two pairs of equal sides and four right angles. Therefore, every square is indeed a rectangle.","Yes, every square is also a rectangle. A square is a special type of rectangle where all four sides are of equal length, and all four angles are right angles. This satisfies the definition of a rectangle, which requires having two equal sides and four right angles. Therefore, every square is indeed a rectangle."
64,4,2,boolq_style,0,0,1,0.9548387096774194,yesno:yes,yesno:yes,"Yes, every square is also a rectangle. A square is a special type of rectangle where all four sides are of equal length and all four angles are right angles. This satisfies the definition of a rectangle, which has two pairs of equal sides and four right angles. Therefore, every square is indeed a rectangle.","Yes, every square is also a rectangle. A square is a special type of rectangle where all four sides are of equal length, and all four angles are right angles. This satisfies the definition of a rectangle, which requires having two equal sides and four right angles. Therefore, every square is indeed a rectangle."
64,5,0,boolq_style,0,0,1,0.10256410256410256,yesno:no,yesno:no,"No. Increasing the number of CPU cores does not always make a single-threaded program run faster. Single-threaded programs do not take advantage of multiple CPU cores, so increasing the number of cores will not improve their performance. Multi-threaded programs, on the other hand, can benefit from multiple CPU cores.","No, increasing the number of CPU cores does not always make a single-threaded program run faster. Single-threaded programs do not take advantage of multi-core processors because they cannot execute multiple threads simultaneously. Therefore, increasing the number of CPU cores will have no impact on the performance of a single-threaded program."
64,5,1,boolq_style,0,0,1,0.10256410256410256,yesno:no,yesno:no,"No. Increasing the number of CPU cores does not always make a single-threaded program run faster. Single-threaded programs do not take advantage of multiple CPU cores, so increasing the number of cores will not improve their performance. Multi-threaded programs, on the other hand, can benefit from multiple CPU cores.","No, increasing the number of CPU cores does not always make a single-threaded program run faster. Single-threaded programs do not take advantage of multi-core processors because they cannot execute multiple threads simultaneously. Therefore, increasing the number of CPU cores will have no impact on the performance of a single-threaded program."
64,5,2,boolq_style,0,0,1,0.10256410256410256,yesno:no,yesno:no,"No. Increasing the number of CPU cores does not always make a single-threaded program run faster. Single-threaded programs do not take advantage of multiple CPU cores, so increasing the number of cores will not improve their performance. Multi-threaded programs, on the other hand, can benefit from multiple CPU cores.","No, increasing the number of CPU cores does not always make a single-threaded program run faster. Single-threaded programs do not take advantage of multi-core processors because they cannot execute multiple threads simultaneously. Therefore, increasing the number of CPU cores will have no impact on the performance of a single-threaded program."
64,6,0,arc_style,0,0,0,0.5198098256735341,text:evaporation is a natural process that helps regulate the earth's climate and is part of the water cycle.,text:evaporation is a physical process that does not change the chemical composition of the water molecules.,B. Evaporation\n\nEvaporation is the process by which liquid water turns into water vapor. This occurs when water molecules gain enough energy to break free from the liquid surface and enter the gas phase. Evaporation is a natural process that helps regulate the Earth's climate and is part of the water cycle.,"B. Evaporation\n\nEvaporation is the process by which liquid water becomes water vapor. This occurs when water molecules gain enough energy to break free from their liquid state and escape into the air, forming water vapor. Evaporation is a physical process that does not change the chemical composition of the water molecules."
64,6,1,arc_style,0,0,0,0.5198098256735341,text:evaporation is a natural process that helps regulate the earth's climate and is part of the water cycle.,text:evaporation is a physical process that does not change the chemical composition of the water molecules.,B. Evaporation\n\nEvaporation is the process by which liquid water turns into water vapor. This occurs when water molecules gain enough energy to break free from the liquid surface and enter the gas phase. Evaporation is a natural process that helps regulate the Earth's climate and is part of the water cycle.,"B. Evaporation\n\nEvaporation is the process by which liquid water becomes water vapor. This occurs when water molecules gain enough energy to break free from their liquid state and escape into the air, forming water vapor. Evaporation is a physical process that does not change the chemical composition of the water molecules."
64,6,2,arc_style,0,0,0,0.5198098256735341,text:evaporation is a natural process that helps regulate the earth's climate and is part of the water cycle.,text:evaporation is a physical process that does not change the chemical composition of the water molecules.,B. Evaporation\n\nEvaporation is the process by which liquid water turns into water vapor. This occurs when water molecules gain enough energy to break free from the liquid surface and enter the gas phase. Evaporation is a natural process that helps regulate the Earth's climate and is part of the water cycle.,"B. Evaporation\n\nEvaporation is the process by which liquid water becomes water vapor. This occurs when water molecules gain enough energy to break free from their liquid state and escape into the air, forming water vapor. Evaporation is a physical process that does not change the chemical composition of the water molecules."
64,7,0,arc_style,0,0,0,0.6195826645264848,"text:this means that the metal spoon will transfer heat away from the hand holding the spoon more rapidly than the wooden spoon,making it feel cooler to the touch.","text:this means that the metal spoon loses heat more rapidly than the wooden spoon,making it feel colder to the touch even though they are in the same room.","B. conducts heat more quickly\n\nExplanation: A metal spoon feels colder than a wooden spoon in the same room mainly because metal conducts heat more quickly. This means that the metal spoon will transfer heat away from the hand holding the spoon more rapidly than the wooden spoon, making it feel cooler to the touch.","B. conducts heat more quickly\n\nExplanation: A metal spoon feels colder than a wooden spoon in the same room mainly because metal conducts heat more quickly. This means that the metal spoon loses heat more rapidly than the wooden spoon, making it feel colder to the touch even though they are in the same room."
64,7,1,arc_style,0,0,0,0.6195826645264848,"text:this means that the metal spoon will transfer heat away from the hand holding the spoon more rapidly than the wooden spoon,making it feel cooler to the touch.","text:this means that the metal spoon loses heat more rapidly than the wooden spoon,making it feel colder to the touch even though they are in the same room.","B. conducts heat more quickly\n\nExplanation: A metal spoon feels colder than a wooden spoon in the same room mainly because metal conducts heat more quickly. This means that the metal spoon will transfer heat away from the hand holding the spoon more rapidly than the wooden spoon, making it feel cooler to the touch.","B. conducts heat more quickly\n\nExplanation: A metal spoon feels colder than a wooden spoon in the same room mainly because metal conducts heat more quickly. This means that the metal spoon loses heat more rapidly than the wooden spoon, making it feel colder to the touch even though they are in the same room."
64,7,2,arc_style,0,0,0,0.6195826645264848,"text:this means that the metal spoon will transfer heat away from the hand holding the spoon more rapidly than the wooden spoon,making it feel cooler to the touch.","text:this means that the metal spoon loses heat more rapidly than the wooden spoon,making it feel colder to the touch even though they are in the same room.","B. conducts heat more quickly\n\nExplanation: A metal spoon feels colder than a wooden spoon in the same room mainly because metal conducts heat more quickly. This means that the metal spoon will transfer heat away from the hand holding the spoon more rapidly than the wooden spoon, making it feel cooler to the touch.","B. conducts heat more quickly\n\nExplanation: A metal spoon feels colder than a wooden spoon in the same room mainly because metal conducts heat more quickly. This means that the metal spoon loses heat more rapidly than the wooden spoon, making it feel colder to the touch even though they are in the same room."
64,8,0,arc_style,0,0,0,0.2671009771986971,text:ram is essential for the computer to access data and execute instructions efficiently.,"text:it is essential for the proper functioning of a computer,as it allows the cpu to quickly access and manipulate data and instructions in real-time.","A. RAM\n\nExplanation: RAM (Random Access Memory) is the component that stores instructions and data currently being used by a computer. It is a type of volatile memory, meaning it loses its data when the power is turned off. RAM is essential for the computer to access data and execute instructions efficiently.","A. RAM\n\nExplanation: RAM, or Random Access Memory, is a type of computer memory that stores instructions and data that are currently being used by a computer. It is essential for the proper functioning of a computer, as it allows the CPU to quickly access and manipulate data and instructions in real-time."
64,8,1,arc_style,0,0,0,0.2671009771986971,text:ram is essential for the computer to access data and execute instructions efficiently.,"text:it is essential for the proper functioning of a computer,as it allows the cpu to quickly access and manipulate data and instructions in real-time.","A. RAM\n\nExplanation: RAM (Random Access Memory) is the component that stores instructions and data currently being used by a computer. It is a type of volatile memory, meaning it loses its data when the power is turned off. RAM is essential for the computer to access data and execute instructions efficiently.","A. RAM\n\nExplanation: RAM, or Random Access Memory, is a type of computer memory that stores instructions and data that are currently being used by a computer. It is essential for the proper functioning of a computer, as it allows the CPU to quickly access and manipulate data and instructions in real-time."
64,8,2,arc_style,0,0,0,0.2671009771986971,text:ram is essential for the computer to access data and execute instructions efficiently.,"text:it is essential for the proper functioning of a computer,as it allows the cpu to quickly access and manipulate data and instructions in real-time.","A. RAM\n\nExplanation: RAM (Random Access Memory) is the component that stores instructions and data currently being used by a computer. It is a type of volatile memory, meaning it loses its data when the power is turned off. RAM is essential for the computer to access data and execute instructions efficiently.","A. RAM\n\nExplanation: RAM, or Random Access Memory, is a type of computer memory that stores instructions and data that are currently being used by a computer. It is essential for the proper functioning of a computer, as it allows the CPU to quickly access and manipulate data and instructions in real-time."
64,9,0,hellaswag_style,0,0,0,0.2838499184339315,text:this process will continue until the bread is fully toasted or the toaster is manually turned off.,"text:this is because the heat from the toaster causes the water in the bread to evaporate,cooking the bread.","The most likely thing that happens next is that the toaster will heat up and begin toasting the bread. The bread will likely start to brown and become crispy on the one side, while the other side will remain soft. This process will continue until the bread is fully toasted or the toaster is manually turned off.","The most likely thing that happens next is that the toaster will heat up, causing the bread to toast. The bread will start to brown and become crispy on the outside, while the inside remains soft. This is because the heat from the toaster causes the water in the bread to evaporate, cooking the bread."
64,9,1,hellaswag_style,0,0,0,0.2838499184339315,text:this process will continue until the bread is fully toasted or the toaster is manually turned off.,"text:this is because the heat from the toaster causes the water in the bread to evaporate,cooking the bread.","The most likely thing that happens next is that the toaster will heat up and begin toasting the bread. The bread will likely start to brown and become crispy on the one side, while the other side will remain soft. This process will continue until the bread is fully toasted or the toaster is manually turned off.","The most likely thing that happens next is that the toaster will heat up, causing the bread to toast. The bread will start to brown and become crispy on the outside, while the inside remains soft. This is because the heat from the toaster causes the water in the bread to evaporate, cooking the bread."
64,9,2,hellaswag_style,0,0,0,0.2838499184339315,text:this process will continue until the bread is fully toasted or the toaster is manually turned off.,"text:this is because the heat from the toaster causes the water in the bread to evaporate,cooking the bread.","The most likely thing that happens next is that the toaster will heat up and begin toasting the bread. The bread will likely start to brown and become crispy on the one side, while the other side will remain soft. This process will continue until the bread is fully toasted or the toaster is manually turned off.","The most likely thing that happens next is that the toaster will heat up, causing the bread to toast. The bread will start to brown and become crispy on the outside, while the inside remains soft. This is because the heat from the toaster causes the water in the bread to evaporate, cooking the bread."
64,10,0,hellaswag_style,0,0,0,0.5907692307692308,text:this step ensures that the report is delivered to the correct person who can review it and provide feedback or make revisions if necessary.,text:the student may also include a brief explanation or introduction in the email to greet the recipient and explain the purpose of the report.,"The most likely next action for the student would be to send the email to the appropriate recipient, such as a teacher, professor, or supervisor, depending on the context of the report. This step ensures that the report is delivered to the correct person who can review it and provide feedback or make revisions if necessary.","The most likely next action for the student would be to send the email to the appropriate recipient, such as a teacher, professor, or supervisor, depending on the context of the report. The student may also include a brief explanation or introduction in the email to greet the recipient and explain the purpose of the report."
64,10,1,hellaswag_style,0,0,0,0.5907692307692308,text:this step ensures that the report is delivered to the correct person who can review it and provide feedback or make revisions if necessary.,text:the student may also include a brief explanation or introduction in the email to greet the recipient and explain the purpose of the report.,"The most likely next action for the student would be to send the email to the appropriate recipient, such as a teacher, professor, or supervisor, depending on the context of the report. This step ensures that the report is delivered to the correct person who can review it and provide feedback or make revisions if necessary.","The most likely next action for the student would be to send the email to the appropriate recipient, such as a teacher, professor, or supervisor, depending on the context of the report. The student may also include a brief explanation or introduction in the email to greet the recipient and explain the purpose of the report."
64,10,2,hellaswag_style,0,0,0,0.5907692307692308,text:this step ensures that the report is delivered to the correct person who can review it and provide feedback or make revisions if necessary.,text:the student may also include a brief explanation or introduction in the email to greet the recipient and explain the purpose of the report.,"The most likely next action for the student would be to send the email to the appropriate recipient, such as a teacher, professor, or supervisor, depending on the context of the report. This step ensures that the report is delivered to the correct person who can review it and provide feedback or make revisions if necessary.","The most likely next action for the student would be to send the email to the appropriate recipient, such as a teacher, professor, or supervisor, depending on the context of the report. The student may also include a brief explanation or introduction in the email to greet the recipient and explain the purpose of the report."
64,11,0,hellaswag_style,0,0,0,0.3904382470119522,"text:this is because the runner is already far ahead of the other runners,giving them a significant advantage.","text:since the runner is far ahead of the other runners,it is likely that they will be the first to reach the finish line,and as a result,they will be declared the winner of the race.","The most likely thing that happens next is that the runner will cross the finish line first, winning the race. This is because the runner is already far ahead of the other runners, giving them a significant advantage.","The most likely thing that happens next is that the runner will cross the finish line and win the race. Since the runner is far ahead of the other runners, it is likely that they will be the first to reach the finish line, and as a result, they will be declared the winner of the race."
64,11,1,hellaswag_style,0,0,0,0.3904382470119522,"text:this is because the runner is already far ahead of the other runners,giving them a significant advantage.","text:since the runner is far ahead of the other runners,it is likely that they will be the first to reach the finish line,and as a result,they will be declared the winner of the race.","The most likely thing that happens next is that the runner will cross the finish line first, winning the race. This is because the runner is already far ahead of the other runners, giving them a significant advantage.","The most likely thing that happens next is that the runner will cross the finish line and win the race. Since the runner is far ahead of the other runners, it is likely that they will be the first to reach the finish line, and as a result, they will be declared the winner of the race."
64,11,2,hellaswag_style,0,0,0,0.3904382470119522,"text:this is because the runner is already far ahead of the other runners,giving them a significant advantage.","text:since the runner is far ahead of the other runners,it is likely that they will be the first to reach the finish line,and as a result,they will be declared the winner of the race.","The most likely thing that happens next is that the runner will cross the finish line first, winning the race. This is because the runner is already far ahead of the other runners, giving them a significant advantage.","The most likely thing that happens next is that the runner will cross the finish line and win the race. Since the runner is far ahead of the other runners, it is likely that they will be the first to reach the finish line, and as a result, they will be declared the winner of the race."
128,0,0,gsm8k_style,0,0,1,0.4302477183833116,number:100,number:100,"To determine the total number of books sold by the bookstore, we need to add the number of books sold on each day.\n\n1. On Monday, the bookstore sold 27 books.\n2. On Tuesday, the bookstore sold twice as many books as on Monday, which is \(2 \times 27 = 54\) books.\n3. On Wednesday, the bookstore sold 19 books.\n\nNow, we add these amounts together:\n\n\[ 27 + 54 + 19 = 100 \]\n\nTotal: 100","To find the total number of books sold, we need to add the number of books sold on each day.\n\nOn Monday, the bookstore sold 27 books.\nOn Tuesday, it sold twice as many books as on Monday, so it sold 2 * 27 = 54 books.\nOn Wednesday, it sold 19 books.\n\nTo find the total number of books sold, we add the number of books sold on each day:\n27 + 54 + 19 = 100\n\nTherefore, the total is 100 books."
128,0,1,gsm8k_style,0,0,1,0.4302477183833116,number:100,number:100,"To determine the total number of books sold by the bookstore, we need to add the number of books sold on each day.\n\n1. On Monday, the bookstore sold 27 books.\n2. On Tuesday, the bookstore sold twice as many books as on Monday, which is \(2 \times 27 = 54\) books.\n3. On Wednesday, the bookstore sold 19 books.\n\nNow, we add these amounts together:\n\n\[ 27 + 54 + 19 = 100 \]\n\nTotal: 100","To find the total number of books sold, we need to add the number of books sold on each day.\n\nOn Monday, the bookstore sold 27 books.\nOn Tuesday, it sold twice as many books as on Monday, so it sold 2 * 27 = 54 books.\nOn Wednesday, it sold 19 books.\n\nTo find the total number of books sold, we add the number of books sold on each day:\n27 + 54 + 19 = 100\n\nTherefore, the total is 100 books."
128,0,2,gsm8k_style,0,0,1,0.4302477183833116,number:100,number:100,"To determine the total number of books sold by the bookstore, we need to add the number of books sold on each day.\n\n1. On Monday, the bookstore sold 27 books.\n2. On Tuesday, the bookstore sold twice as many books as on Monday, which is \(2 \times 27 = 54\) books.\n3. On Wednesday, the bookstore sold 19 books.\n\nNow, we add these amounts together:\n\n\[ 27 + 54 + 19 = 100 \]\n\nTotal: 100","To find the total number of books sold, we need to add the number of books sold on each day.\n\nOn Monday, the bookstore sold 27 books.\nOn Tuesday, it sold twice as many books as on Monday, so it sold 2 * 27 = 54 books.\nOn Wednesday, it sold 19 books.\n\nTo find the total number of books sold, we add the number of books sold on each day:\n27 + 54 + 19 = 100\n\nTherefore, the total is 100 books."
128,1,0,gsm8k_style,1,1,1,1.0,number:360,number:360,"The train travels 80 kilometers per hour for 3 hours, so it covers a distance of 80 * 3 = 240 kilometers.\nThen, it travels 60 kilometers per hour for 2 hours, so it covers a distance of 60 * 2 = 120 kilometers.\nIn total, the train travels 240 + 120 = 360 kilometers.\nFinal answer: 360","The train travels 80 kilometers per hour for 3 hours, so it covers a distance of 80 * 3 = 240 kilometers.\nThen, it travels 60 kilometers per hour for 2 hours, so it covers a distance of 60 * 2 = 120 kilometers.\nIn total, the train travels 240 + 120 = 360 kilometers.\nFinal answer: 360"
128,1,1,gsm8k_style,1,1,1,1.0,number:360,number:360,"The train travels 80 kilometers per hour for 3 hours, so it covers a distance of 80 * 3 = 240 kilometers.\nThen, it travels 60 kilometers per hour for 2 hours, so it covers a distance of 60 * 2 = 120 kilometers.\nIn total, the train travels 240 + 120 = 360 kilometers.\nFinal answer: 360","The train travels 80 kilometers per hour for 3 hours, so it covers a distance of 80 * 3 = 240 kilometers.\nThen, it travels 60 kilometers per hour for 2 hours, so it covers a distance of 60 * 2 = 120 kilometers.\nIn total, the train travels 240 + 120 = 360 kilometers.\nFinal answer: 360"
128,1,2,gsm8k_style,1,1,1,1.0,number:360,number:360,"The train travels 80 kilometers per hour for 3 hours, so it covers a distance of 80 * 3 = 240 kilometers.\nThen, it travels 60 kilometers per hour for 2 hours, so it covers a distance of 60 * 2 = 120 kilometers.\nIn total, the train travels 240 + 120 = 360 kilometers.\nFinal answer: 360","The train travels 80 kilometers per hour for 3 hours, so it covers a distance of 80 * 3 = 240 kilometers.\nThen, it travels 60 kilometers per hour for 2 hours, so it covers a distance of 60 * 2 = 120 kilometers.\nIn total, the train travels 240 + 120 = 360 kilometers.\nFinal answer: 360"
128,2,0,gsm8k_style,0,0,1,0.6035353535353535,boxed:90,boxed:90,"First, we need to determine how many stickers Mia gives to her brother. She gives one quarter of her stickers:\n\[\n\frac{1}{4} \times 144 = 36\n\]\nNext, we subtract the stickers given to her brother from the total stickers:\n\[\n144 - 36 = 108\n\]\nThen, we subtract the stickers given to her friend from the remaining stickers:\n\[\n108 - 18 = 90\n\]\nTherefore, the number of stickers Mia has left is \boxed{90}.","First, we need to determine how many stickers Mia gives to her brother. She gives one quarter of her stickers to her brother:\n\[\n\frac{1}{4} \times 144 = 36\n\]\nSo, Mia gives 36 stickers to her brother.\n\nNext, Mia gives 18 stickers to her friend. We subtract these stickers from her original total:\n\[\n144 - 36 - 18 = 90\n\]\n\nTherefore, the number of stickers that remain is:\n\[\n\boxed{90}\n\]"
128,2,1,gsm8k_style,0,0,1,0.6035353535353535,boxed:90,boxed:90,"First, we need to determine how many stickers Mia gives to her brother. She gives one quarter of her stickers:\n\[\n\frac{1}{4} \times 144 = 36\n\]\nNext, we subtract the stickers given to her brother from the total stickers:\n\[\n144 - 36 = 108\n\]\nThen, we subtract the stickers given to her friend from the remaining stickers:\n\[\n108 - 18 = 90\n\]\nTherefore, the number of stickers Mia has left is \boxed{90}.","First, we need to determine how many stickers Mia gives to her brother. She gives one quarter of her stickers to her brother:\n\[\n\frac{1}{4} \times 144 = 36\n\]\nSo, Mia gives 36 stickers to her brother.\n\nNext, Mia gives 18 stickers to her friend. We subtract these stickers from her original total:\n\[\n144 - 36 - 18 = 90\n\]\n\nTherefore, the number of stickers that remain is:\n\[\n\boxed{90}\n\]"
128,2,2,gsm8k_style,0,0,1,0.6035353535353535,boxed:90,boxed:90,"First, we need to determine how many stickers Mia gives to her brother. She gives one quarter of her stickers:\n\[\n\frac{1}{4} \times 144 = 36\n\]\nNext, we subtract the stickers given to her brother from the total stickers:\n\[\n144 - 36 = 108\n\]\nThen, we subtract the stickers given to her friend from the remaining stickers:\n\[\n108 - 18 = 90\n\]\nTherefore, the number of stickers Mia has left is \boxed{90}.","First, we need to determine how many stickers Mia gives to her brother. She gives one quarter of her stickers to her brother:\n\[\n\frac{1}{4} \times 144 = 36\n\]\nSo, Mia gives 36 stickers to her brother.\n\nNext, Mia gives 18 stickers to her friend. We subtract these stickers from her original total:\n\[\n144 - 36 - 18 = 90\n\]\n\nTherefore, the number of stickers that remain is:\n\[\n\boxed{90}\n\]"
128,3,0,boolq_style,0,0,1,0.27602158828064766,yesno:yes,yesno:yes,"Yes, water can remain liquid below 0 degrees Celsius under some physical conditions. This phenomenon is known as supercooling. Supercooling occurs when a substance remains in a liquid state at a temperature below its normal freezing point. For water, this can happen when it is rapidly cooled to temperatures below 0 degrees Celsius. The supercooled water can remain liquid for a short period until it is exposed to a rapid change, such as a sudden increase in pressure or temperature, which can cause it to freeze. This effect is often observed in experiments involving rapid cooling of water, such as those used in physics and chemistry research.","Yes, water can remain liquid below 0 degrees Celsius under certain physical conditions. This phenomenon is known as supercooling. Supercooling occurs when water is cooled below its freezing point (0 degrees Celsius) but still remains in a liquid state. This can happen if the water is cooled slowly enough to avoid the formation of ice crystals, which would normally cause the water to freeze. In some cases, water can be supercooled to temperatures below -1 degrees Celsius, but this is not a common occurrence and typically requires specific conditions, such as slow cooling rates and low impurity levels, to prevent the formation of ice crystals."
128,3,1,boolq_style,0,0,1,0.27602158828064766,yesno:yes,yesno:yes,"Yes, water can remain liquid below 0 degrees Celsius under some physical conditions. This phenomenon is known as supercooling. Supercooling occurs when a substance remains in a liquid state at a temperature below its normal freezing point. For water, this can happen when it is rapidly cooled to temperatures below 0 degrees Celsius. The supercooled water can remain liquid for a short period until it is exposed to a rapid change, such as a sudden increase in pressure or temperature, which can cause it to freeze. This effect is often observed in experiments involving rapid cooling of water, such as those used in physics and chemistry research.","Yes, water can remain liquid below 0 degrees Celsius under certain physical conditions. This phenomenon is known as supercooling. Supercooling occurs when water is cooled below its freezing point (0 degrees Celsius) but still remains in a liquid state. This can happen if the water is cooled slowly enough to avoid the formation of ice crystals, which would normally cause the water to freeze. In some cases, water can be supercooled to temperatures below -1 degrees Celsius, but this is not a common occurrence and typically requires specific conditions, such as slow cooling rates and low impurity levels, to prevent the formation of ice crystals."
128,3,2,boolq_style,0,0,1,0.27602158828064766,yesno:yes,yesno:yes,"Yes, water can remain liquid below 0 degrees Celsius under some physical conditions. This phenomenon is known as supercooling. Supercooling occurs when a substance remains in a liquid state at a temperature below its normal freezing point. For water, this can happen when it is rapidly cooled to temperatures below 0 degrees Celsius. The supercooled water can remain liquid for a short period until it is exposed to a rapid change, such as a sudden increase in pressure or temperature, which can cause it to freeze. This effect is often observed in experiments involving rapid cooling of water, such as those used in physics and chemistry research.","Yes, water can remain liquid below 0 degrees Celsius under certain physical conditions. This phenomenon is known as supercooling. Supercooling occurs when water is cooled below its freezing point (0 degrees Celsius) but still remains in a liquid state. This can happen if the water is cooled slowly enough to avoid the formation of ice crystals, which would normally cause the water to freeze. In some cases, water can be supercooled to temperatures below -1 degrees Celsius, but this is not a common occurrence and typically requires specific conditions, such as slow cooling rates and low impurity levels, to prevent the formation of ice crystals."
128,4,0,boolq_style,0,0,1,0.8637059724349158,yesno:yes,yesno:yes,"Yes, every square is also a rectangle. \n\nA square is a type of rectangle where all four sides are of equal length, and all four angles are right angles (90 degrees). This means that a square has all the properties of a rectangle, including having opposite sides equal and right angles. However, not all rectangles are squares.","Yes, every square is also a rectangle. \n\nA square is a type of rectangle where all four sides are of equal length, and all angles are right angles (90 degrees). This means that a square satisfies all the properties of a rectangle, including having opposite sides equal and right angles. Therefore, every square is also a rectangle."
128,4,1,boolq_style,0,0,1,0.8637059724349158,yesno:yes,yesno:yes,"Yes, every square is also a rectangle. \n\nA square is a type of rectangle where all four sides are of equal length, and all four angles are right angles (90 degrees). This means that a square has all the properties of a rectangle, including having opposite sides equal and right angles. However, not all rectangles are squares.","Yes, every square is also a rectangle. \n\nA square is a type of rectangle where all four sides are of equal length, and all angles are right angles (90 degrees). This means that a square satisfies all the properties of a rectangle, including having opposite sides equal and right angles. Therefore, every square is also a rectangle."
128,4,2,boolq_style,0,0,1,0.8637059724349158,yesno:yes,yesno:yes,"Yes, every square is also a rectangle. \n\nA square is a type of rectangle where all four sides are of equal length, and all four angles are right angles (90 degrees). This means that a square has all the properties of a rectangle, including having opposite sides equal and right angles. However, not all rectangles are squares.","Yes, every square is also a rectangle. \n\nA square is a type of rectangle where all four sides are of equal length, and all angles are right angles (90 degrees). This means that a square satisfies all the properties of a rectangle, including having opposite sides equal and right angles. Therefore, every square is also a rectangle."
128,5,0,boolq_style,0,0,1,0.837410071942446,yesno:no,yesno:no,"No, increasing the number of CPU cores does not always make a single-threaded program run faster. Single-threaded programs operate on a single thread of execution, and they cannot take advantage of multiple CPU cores. Therefore, increasing the number of CPU cores will not improve the performance of a single-threaded program.","No, increasing the number of CPU cores does not always make a single-threaded program run faster. A single-threaded program has only one thread of execution, and increasing the number of CPU cores does not allow the program to take advantage of multiple cores. Therefore, increasing the number of CPU cores will not improve the performance of a single-threaded program."
128,5,1,boolq_style,0,0,1,0.837410071942446,yesno:no,yesno:no,"No, increasing the number of CPU cores does not always make a single-threaded program run faster. Single-threaded programs operate on a single thread of execution, and they cannot take advantage of multiple CPU cores. Therefore, increasing the number of CPU cores will not improve the performance of a single-threaded program.","No, increasing the number of CPU cores does not always make a single-threaded program run faster. A single-threaded program has only one thread of execution, and increasing the number of CPU cores does not allow the program to take advantage of multiple cores. Therefore, increasing the number of CPU cores will not improve the performance of a single-threaded program."
128,5,2,boolq_style,0,0,1,0.837410071942446,yesno:no,yesno:no,"No, increasing the number of CPU cores does not always make a single-threaded program run faster. Single-threaded programs operate on a single thread of execution, and they cannot take advantage of multiple CPU cores. Therefore, increasing the number of CPU cores will not improve the performance of a single-threaded program.","No, increasing the number of CPU cores does not always make a single-threaded program run faster. A single-threaded program has only one thread of execution, and increasing the number of CPU cores does not allow the program to take advantage of multiple cores. Therefore, increasing the number of CPU cores will not improve the performance of a single-threaded program."
128,6,0,arc_style,0,0,1,0.46730462519936206,choice:B,choice:B,"The correct answer is B. Evaporation.\n\nEvaporation is the process by which liquid water turns into water vapor. This occurs when the molecules in the liquid gain enough energy to break free from their liquid state and escape into the air as water vapor. Evaporation is a physical process that requires energy, typically in the form of heat, to overcome the attractive forces holding the water molecules together.\n\nThe other options are not correct because they involve the opposite process: freezing turns liquid water into ice, condensation turns water vapor back into liquid water, and precipitation turns liquid water (rain or snow) back into liquid water.","The correct answer is B. Evaporation.\n\nEvaporation is the process by which liquid water turns into water vapor. This occurs when the water molecules gain enough energy to break free from the liquid surface and enter the gas phase. Evaporation is a physical process that does not change the chemical composition of the water, only its physical state.\n\nThe other options do not directly cause liquid water to become water vapor:\n\nA. Freezing turns liquid water into solid ice.\nC. Condensation turns water vapor back into liquid water.\nD. Precipitation turns water vapor back into liquid or solid water."
128,6,1,arc_style,0,0,1,0.46730462519936206,choice:B,choice:B,"The correct answer is B. Evaporation.\n\nEvaporation is the process by which liquid water turns into water vapor. This occurs when the molecules in the liquid gain enough energy to break free from their liquid state and escape into the air as water vapor. Evaporation is a physical process that requires energy, typically in the form of heat, to overcome the attractive forces holding the water molecules together.\n\nThe other options are not correct because they involve the opposite process: freezing turns liquid water into ice, condensation turns water vapor back into liquid water, and precipitation turns liquid water (rain or snow) back into liquid water.","The correct answer is B. Evaporation.\n\nEvaporation is the process by which liquid water turns into water vapor. This occurs when the water molecules gain enough energy to break free from the liquid surface and enter the gas phase. Evaporation is a physical process that does not change the chemical composition of the water, only its physical state.\n\nThe other options do not directly cause liquid water to become water vapor:\n\nA. Freezing turns liquid water into solid ice.\nC. Condensation turns water vapor back into liquid water.\nD. Precipitation turns water vapor back into liquid or solid water."
128,6,2,arc_style,0,0,1,0.46730462519936206,choice:B,choice:B,"The correct answer is B. Evaporation.\n\nEvaporation is the process by which liquid water turns into water vapor. This occurs when the molecules in the liquid gain enough energy to break free from their liquid state and escape into the air as water vapor. Evaporation is a physical process that requires energy, typically in the form of heat, to overcome the attractive forces holding the water molecules together.\n\nThe other options are not correct because they involve the opposite process: freezing turns liquid water into ice, condensation turns water vapor back into liquid water, and precipitation turns liquid water (rain or snow) back into liquid water.","The correct answer is B. Evaporation.\n\nEvaporation is the process by which liquid water turns into water vapor. This occurs when the water molecules gain enough energy to break free from the liquid surface and enter the gas phase. Evaporation is a physical process that does not change the chemical composition of the water, only its physical state.\n\nThe other options do not directly cause liquid water to become water vapor:\n\nA. Freezing turns liquid water into solid ice.\nC. Condensation turns water vapor back into liquid water.\nD. Precipitation turns water vapor back into liquid or solid water."
128,7,0,arc_style,0,0,1,0.16024340770791076,choice:B,choice:B,"The correct answer is B. conducts heat more quickly.\n\nExplanation:\nWhen you hold a metal spoon and a wooden spoon in the same room, the metal spoon feels colder because it conducts heat more quickly. Metal is an excellent conductor of heat, which means it can transfer heat from your hand to the surroundings more rapidly than wood. As a result, the metal spoon loses heat faster, making it feel colder to the touch. This is why the metal spoon feels colder than the wooden spoon in the same room.","The correct answer is B. conducts heat more quickly.\n\nExplanation:\nA metal spoon feels colder than a wooden spoon in the same room mainly because metal conducts heat more quickly. This means that the heat from the metal spoon is rapidly transferred to the surrounding air, making the metal spoon feel cooler to the touch. In contrast, wood is a poor conductor of heat, so it retains heat and feels warmer to the touch. The other options (A, C, and D) are not the reasons for this phenomenon."
128,7,1,arc_style,0,0,1,0.16024340770791076,choice:B,choice:B,"The correct answer is B. conducts heat more quickly.\n\nExplanation:\nWhen you hold a metal spoon and a wooden spoon in the same room, the metal spoon feels colder because it conducts heat more quickly. Metal is an excellent conductor of heat, which means it can transfer heat from your hand to the surroundings more rapidly than wood. As a result, the metal spoon loses heat faster, making it feel colder to the touch. This is why the metal spoon feels colder than the wooden spoon in the same room.","The correct answer is B. conducts heat more quickly.\n\nExplanation:\nA metal spoon feels colder than a wooden spoon in the same room mainly because metal conducts heat more quickly. This means that the heat from the metal spoon is rapidly transferred to the surrounding air, making the metal spoon feel cooler to the touch. In contrast, wood is a poor conductor of heat, so it retains heat and feels warmer to the touch. The other options (A, C, and D) are not the reasons for this phenomenon."
128,7,2,arc_style,0,0,1,0.16024340770791076,choice:B,choice:B,"The correct answer is B. conducts heat more quickly.\n\nExplanation:\nWhen you hold a metal spoon and a wooden spoon in the same room, the metal spoon feels colder because it conducts heat more quickly. Metal is an excellent conductor of heat, which means it can transfer heat from your hand to the surroundings more rapidly than wood. As a result, the metal spoon loses heat faster, making it feel colder to the touch. This is why the metal spoon feels colder than the wooden spoon in the same room.","The correct answer is B. conducts heat more quickly.\n\nExplanation:\nA metal spoon feels colder than a wooden spoon in the same room mainly because metal conducts heat more quickly. This means that the heat from the metal spoon is rapidly transferred to the surrounding air, making the metal spoon feel cooler to the touch. In contrast, wood is a poor conductor of heat, so it retains heat and feels warmer to the touch. The other options (A, C, and D) are not the reasons for this phenomenon."
128,8,0,arc_style,0,0,1,0.6508355321020228,choice:A,choice:A,"The correct answer is A. RAM.\n\nRAM, or Random Access Memory, is a type of computer memory that stores instructions and data currently being used by a computer. It is the primary memory that allows a computer to access and manipulate data quickly. RAM is a volatile memory, meaning it loses its data when the computer is turned off.\n\nThe other options are not correct:\n\n* B. Keyboard: is an input device used to enter data into a computer.\n* C. Monitor: is an output device used to display information.\n* D. Power supply: provides electrical power to the computer.","The correct answer is A. RAM.\n\nRAM, or Random Access Memory, is a type of computer memory that stores instructions and data that are currently being used by a computer. It is the primary memory that allows a computer to access and manipulate data quickly. RAM is a volatile memory, meaning it loses its data when the computer is turned off.\n\nThe other options are not correct:\n\n* Keyboard: Used for inputting data into the computer.\n* Monitor: Used for displaying the output of the computer.\n* Power supply: Provides power to the computer, but does not store instructions or data."
128,8,1,arc_style,0,0,1,0.6508355321020228,choice:A,choice:A,"The correct answer is A. RAM.\n\nRAM, or Random Access Memory, is a type of computer memory that stores instructions and data currently being used by a computer. It is the primary memory that allows a computer to access and manipulate data quickly. RAM is a volatile memory, meaning it loses its data when the computer is turned off.\n\nThe other options are not correct:\n\n* B. Keyboard: is an input device used to enter data into a computer.\n* C. Monitor: is an output device used to display information.\n* D. Power supply: provides electrical power to the computer.","The correct answer is A. RAM.\n\nRAM, or Random Access Memory, is a type of computer memory that stores instructions and data that are currently being used by a computer. It is the primary memory that allows a computer to access and manipulate data quickly. RAM is a volatile memory, meaning it loses its data when the computer is turned off.\n\nThe other options are not correct:\n\n* Keyboard: Used for inputting data into the computer.\n* Monitor: Used for displaying the output of the computer.\n* Power supply: Provides power to the computer, but does not store instructions or data."
128,8,2,arc_style,0,0,1,0.6508355321020228,choice:A,choice:A,"The correct answer is A. RAM.\n\nRAM, or Random Access Memory, is a type of computer memory that stores instructions and data currently being used by a computer. It is the primary memory that allows a computer to access and manipulate data quickly. RAM is a volatile memory, meaning it loses its data when the computer is turned off.\n\nThe other options are not correct:\n\n* B. Keyboard: is an input device used to enter data into a computer.\n* C. Monitor: is an output device used to display information.\n* D. Power supply: provides electrical power to the computer.","The correct answer is A. RAM.\n\nRAM, or Random Access Memory, is a type of computer memory that stores instructions and data that are currently being used by a computer. It is the primary memory that allows a computer to access and manipulate data quickly. RAM is a volatile memory, meaning it loses its data when the computer is turned off.\n\nThe other options are not correct:\n\n* Keyboard: Used for inputting data into the computer.\n* Monitor: Used for displaying the output of the computer.\n* Power supply: Provides power to the computer, but does not store instructions or data."
128,9,0,hellaswag_style,0,0,0,0.5659722222222222,text:the process is known as toasting.,"text:when the lever is pressed,the toaster's heating elements (usually coils or elements) are activated,transferring heat to the bread.","The most likely thing that happens next is that the toaster will heat up and start toasting the bread. When the person presses the lever, the toaster's heating elements (usually coils or a heating element) will turn on, and the heat will be transferred to the bread, causing it to brown and become crispy. The process is known as toasting.","The most likely thing that happens next is that the toaster will heat up the bread, causing it to toast. When the lever is pressed, the toaster's heating elements (usually coils or elements) are activated, transferring heat to the bread."
128,9,1,hellaswag_style,0,0,0,0.5659722222222222,text:the process is known as toasting.,"text:when the lever is pressed,the toaster's heating elements (usually coils or elements) are activated,transferring heat to the bread.","The most likely thing that happens next is that the toaster will heat up and start toasting the bread. When the person presses the lever, the toaster's heating elements (usually coils or a heating element) will turn on, and the heat will be transferred to the bread, causing it to brown and become crispy. The process is known as toasting.","The most likely thing that happens next is that the toaster will heat up the bread, causing it to toast. When the lever is pressed, the toaster's heating elements (usually coils or elements) are activated, transferring heat to the bread."
128,9,2,hellaswag_style,0,0,0,0.5659722222222222,text:the process is known as toasting.,"text:when the lever is pressed,the toaster's heating elements (usually coils or elements) are activated,transferring heat to the bread.","The most likely thing that happens next is that the toaster will heat up and start toasting the bread. When the person presses the lever, the toaster's heating elements (usually coils or a heating element) will turn on, and the heat will be transferred to the bread, causing it to brown and become crispy. The process is known as toasting.","The most likely thing that happens next is that the toaster will heat up the bread, causing it to toast. When the lever is pressed, the toaster's heating elements (usually coils or elements) are activated, transferring heat to the bread."
128,10,0,hellaswag_style,0,0,0,0.29900332225913623,"text:additionally,the student could ask for feedback or comments on the report.","text:this is the final step after completing the report,checking it for errors,and attaching it to the email.","The most likely next action for the student would be to send the email to the appropriate recipient(s). This could be a teacher, professor, or any other person who needs to review the report. The student might also include a brief introduction in the email, explaining the purpose of the report and any necessary context. Additionally, the student could ask for feedback or comments on the report.","The most likely next action for the student would be to send the email to the intended recipients. This is the final step after completing the report, checking it for errors, and attaching it to the email."
128,10,1,hellaswag_style,0,0,0,0.29900332225913623,"text:additionally,the student could ask for feedback or comments on the report.","text:this is the final step after completing the report,checking it for errors,and attaching it to the email.","The most likely next action for the student would be to send the email to the appropriate recipient(s). This could be a teacher, professor, or any other person who needs to review the report. The student might also include a brief introduction in the email, explaining the purpose of the report and any necessary context. Additionally, the student could ask for feedback or comments on the report.","The most likely next action for the student would be to send the email to the intended recipients. This is the final step after completing the report, checking it for errors, and attaching it to the email."
128,10,2,hellaswag_style,0,0,0,0.29900332225913623,"text:additionally,the student could ask for feedback or comments on the report.","text:this is the final step after completing the report,checking it for errors,and attaching it to the email.","The most likely next action for the student would be to send the email to the appropriate recipient(s). This could be a teacher, professor, or any other person who needs to review the report. The student might also include a brief introduction in the email, explaining the purpose of the report and any necessary context. Additionally, the student could ask for feedback or comments on the report.","The most likely next action for the student would be to send the email to the intended recipients. This is the final step after completing the report, checking it for errors, and attaching it to the email."
128,11,0,hellaswag_style,0,0,0,0.34265734265734266,"text:this is because the runner is already far ahead of the other runners,indicating that they have a significant advantage.","text:as they approach the finish line,they will likely maintain their speed and cross the line first,securing their victory.","The most likely thing that happens next is that the runner will cross the finish line first, winning the race. This is because the runner is already far ahead of the other runners, indicating that they have a significant advantage.","The most likely thing that happens next is that the runner will cross the finish line and win the race. This is because the runner is already far ahead of the other runners, indicating that they have a significant lead. As they approach the finish line, they will likely maintain their speed and cross the line first, securing their victory."
128,11,1,hellaswag_style,0,0,0,0.34265734265734266,"text:this is because the runner is already far ahead of the other runners,indicating that they have a significant advantage.","text:as they approach the finish line,they will likely maintain their speed and cross the line first,securing their victory.","The most likely thing that happens next is that the runner will cross the finish line first, winning the race. This is because the runner is already far ahead of the other runners, indicating that they have a significant advantage.","The most likely thing that happens next is that the runner will cross the finish line and win the race. This is because the runner is already far ahead of the other runners, indicating that they have a significant lead. As they approach the finish line, they will likely maintain their speed and cross the line first, securing their victory."
128,11,2,hellaswag_style,0,0,0,0.34265734265734266,"text:this is because the runner is already far ahead of the other runners,indicating that they have a significant advantage.","text:as they approach the finish line,they will likely maintain their speed and cross the line first,securing their victory.","The most likely thing that happens next is that the runner will cross the finish line first, winning the race. This is because the runner is already far ahead of the other runners, indicating that they have a significant advantage.","The most likely thing that happens next is that the runner will cross the finish line and win the race. This is because the runner is already far ahead of the other runners, indicating that they have a significant lead. As they approach the finish line, they will likely maintain their speed and cross the line first, securing their victory."
